{"file":"icons3.png","frames":{
"backward":{"x":186,"y":60,"w":61,"h":50,"offX":3,"offY":3,"sourceW":64,"sourceH":60},
"left":{"x":222,"y":162,"w":27,"h":28,"offX":11,"offY":12,"sourceW":48,"sourceH":48},
"right":{"x":39,"y":168,"w":25,"h":24,"offX":11,"offY":12,"sourceW":48,"sourceH":48},
"buttonOff":{"x":164,"y":162,"w":56,"h":24,"offX":4,"offY":20,"sourceW":64,"sourceH":64},
"buttonOn":{"x":81,"y":164,"w":56,"h":24,"offX":4,"offY":20,"sourceW":64,"sourceH":64},
"unselect":{"x":81,"y":124,"w":36,"h":36,"offX":6,"offY":6,"sourceW":48,"sourceH":48},
"radioUncheck":{"x":1,"y":123,"w":42,"h":43,"offX":3,"offY":3,"sourceW":48,"sourceH":48},
"radioChecked":{"x":119,"y":119,"w":43,"h":43,"offX":2,"offY":2,"sourceW":48,"sourceH":48},
"selected":{"x":1,"y":168,"w":36,"h":36,"offX":6,"offY":6,"sourceW":48,"sourceH":48},
"waiting":{"x":187,"y":1,"w":57,"h":57,"offX":3,"offY":3,"sourceW":64,"sourceH":64},
"ready":{"x":1,"y":1,"w":63,"h":64,"offX":1,"offY":0,"sourceW":64,"sourceH":64},
"label":{"x":128,"y":1,"w":57,"h":57,"offX":3,"offY":3,"sourceW":64,"sourceH":64},
"remind":{"x":66,"y":63,"w":51,"h":59,"offX":7,"offY":2,"sourceW":64,"sourceH":64},
"charge":{"x":1,"y":67,"w":54,"h":54,"offX":5,"offY":5,"sourceW":64,"sourceH":64},
"sorts":{"x":45,"y":124,"w":34,"h":42,"offX":7,"offY":3,"sourceW":48,"sourceH":48},
"close2":{"x":66,"y":1,"w":60,"h":60,"offX":0,"offY":0,"sourceW":64,"sourceH":64},
"close3":{"x":128,"y":60,"w":56,"h":57,"offX":4,"offY":4,"sourceW":64,"sourceH":64},
"close":{"x":186,"y":112,"w":48,"h":48,"offX":0,"offY":0,"sourceW":48,"sourceH":48}}}