{"file":"icons7.png","frames":{
"up":{"x":323,"y":296,"w":56,"h":37,"offX":4,"offY":13,"sourceW":64,"sourceH":64},
"down":{"x":55,"y":295,"w":57,"h":38,"offX":3,"offY":13,"sourceW":64,"sourceH":64},
"pointer":{"x":381,"y":296,"w":42,"h":48,"offX":3,"offY":0,"sourceW":48,"sourceH":48},
"logo":{"x":1,"y":1,"w":212,"h":177,"offX":1,"offY":18,"sourceW":213,"sourceH":213},
"sure":{"x":361,"y":69,"w":144,"h":66,"offX":0,"offY":0,"sourceW":144,"sourceH":66},
"startGame":{"x":215,"y":69,"w":144,"h":66,"offX":0,"offY":0,"sourceW":144,"sourceH":66},
"cancel":{"x":361,"y":1,"w":144,"h":66,"offX":0,"offY":0,"sourceW":144,"sourceH":66},
"giveUp":{"x":215,"y":1,"w":144,"h":66,"offX":0,"offY":0,"sourceW":144,"sourceH":66},
"share":{"x":249,"y":205,"w":56,"h":56,"offX":4,"offY":4,"sourceW":64,"sourceH":64},
"set":{"x":361,"y":137,"w":64,"h":64,"offX":0,"offY":0,"sourceW":64,"sourceH":64},
"rewards":{"x":66,"y":180,"w":60,"h":61,"offX":2,"offY":1,"sourceW":64,"sourceH":64},
"reward2":{"x":344,"y":335,"w":34,"h":40,"offX":15,"offY":12,"sourceW":64,"sourceH":64},
"message":{"x":264,"y":266,"w":57,"h":38,"offX":3,"offY":13,"sourceW":64,"sourceH":64},
"gift":{"x":1,"y":246,"w":52,"h":56,"offX":6,"offY":4,"sourceW":64,"sourceH":64},
"close6":{"x":420,"y":203,"w":57,"h":57,"offX":3,"offY":3,"sourceW":64,"sourceH":64},
"close5":{"x":427,"y":137,"w":64,"h":64,"offX":0,"offY":0,"sourceW":64,"sourceH":64},
"close":{"x":439,"y":262,"w":48,"h":48,"offX":0,"offY":0,"sourceW":48,"sourceH":48},
"close2":{"x":128,"y":180,"w":60,"h":60,"offX":0,"offY":0,"sourceW":64,"sourceH":64},
"sorts":{"x":471,"y":312,"w":34,"h":42,"offX":7,"offY":3,"sourceW":48,"sourceH":48},
"charge":{"x":129,"y":242,"w":54,"h":54,"offX":5,"offY":5,"sourceW":64,"sourceH":64},
"remind":{"x":307,"y":205,"w":51,"h":59,"offX":7,"offY":2,"sourceW":64,"sourceH":64},
"label":{"x":361,"y":203,"w":57,"h":57,"offX":3,"offY":3,"sourceW":64,"sourceH":64},
"ready":{"x":1,"y":180,"w":63,"h":64,"offX":1,"offY":0,"sourceW":64,"sourceH":64},
"waiting":{"x":190,"y":205,"w":57,"h":57,"offX":3,"offY":3,"sourceW":64,"sourceH":64},
"selected":{"x":1,"y":350,"w":36,"h":36,"offX":6,"offY":6,"sourceW":48,"sourceH":48},
"radioChecked":{"x":93,"y":344,"w":43,"h":43,"offX":2,"offY":2,"sourceW":48,"sourceH":48},
"radioUncheck":{"x":138,"y":344,"w":42,"h":43,"offX":3,"offY":3,"sourceW":48,"sourceH":48},
"unselect":{"x":380,"y":346,"w":36,"h":36,"offX":6,"offY":6,"sourceW":48,"sourceH":48},
"buttonOn":{"x":240,"y":352,"w":56,"h":24,"offX":4,"offY":20,"sourceW":64,"sourceH":64},
"buttonOff":{"x":182,"y":344,"w":56,"h":24,"offX":4,"offY":20,"sourceW":64,"sourceH":64},
"right":{"x":471,"y":356,"w":25,"h":24,"offX":11,"offY":12,"sourceW":48,"sourceH":48},
"left":{"x":323,"y":266,"w":27,"h":28,"offX":11,"offY":12,"sourceW":48,"sourceH":48},
"backward":{"x":66,"y":243,"w":61,"h":50,"offX":3,"offY":3,"sourceW":64,"sourceH":60},
"checkbox_unselect":{"x":114,"y":298,"w":44,"h":44,"offX":0,"offY":0,"sourceW":44,"sourceH":44},
"checkbox_select_up":{"x":298,"y":335,"w":44,"h":44,"offX":0,"offY":0,"sourceW":44,"sourceH":44},
"checkbox_select_down":{"x":47,"y":335,"w":44,"h":44,"offX":0,"offY":0,"sourceW":44,"sourceH":44},
"checkbox_select_disabled":{"x":425,"y":312,"w":44,"h":44,"offX":0,"offY":0,"sourceW":44,"sourceH":44},
"radiobutton_unselect":{"x":252,"y":306,"w":44,"h":44,"offX":0,"offY":0,"sourceW":44,"sourceH":44},
"radiobutton_select_up":{"x":1,"y":304,"w":44,"h":44,"offX":0,"offY":0,"sourceW":44,"sourceH":44},
"radiobutton_select_down":{"x":206,"y":298,"w":44,"h":44,"offX":0,"offY":0,"sourceW":44,"sourceH":44},
"radiobutton_select_disabled":{"x":160,"y":298,"w":44,"h":44,"offX":0,"offY":0,"sourceW":44,"sourceH":44},
"handle":{"x":479,"y":203,"w":32,"h":32,"offX":0,"offY":0,"sourceW":32,"sourceH":32},
"off":{"x":185,"y":264,"w":77,"h":32,"offX":0,"offY":0,"sourceW":77,"sourceH":32},
"on":{"x":360,"y":262,"w":77,"h":32,"offX":0,"offY":0,"sourceW":77,"sourceH":32},
"login":{"x":215,"y":137,"w":144,"h":66,"offX":0,"offY":0,"sourceW":144,"sourceH":66}}}