{"mc":{
	"70201":{
		"frameRate":24,
		"events":[
			
			],
		"frames":[
			
			]
},"loads":{
		"frameRate":24,
		"events":[
			
			],
		"frames":[
			
			{
			"res":"BBE45294",
			"x":0,
			"y":0
			},
			{
			"res":"2FDA2237",
			"x":0,
			"y":0
			},
			{
			"res":"F044B08E",
			"x":0,
			"y":0
			},
			{
			"res":"26ED9EEB",
			"x":0,
			"y":0
			},
			{
			"res":"4007AFF2",
			"x":0,
			"y":0
			},
			{
			"res":"69DC5EEB",
			"x":0,
			"y":0
			},
			{
			"res":"1F7D3A3C",
			"x":0,
			"y":0
			},
			{
			"res":"FED3C919",
			"x":0,
			"y":0
			},
			{
			"res":"2717C1D3",
			"x":0,
			"y":0
			},
			{
			"res":"7301EF67",
			"x":0,
			"y":0
			},
			{
			"res":"FF97DEB1",
			"x":0,
			"y":0
			},
			{
			"res":"A7FDEAC4",
			"x":0,
			"y":0
			}
			]
}},
	"res":{
		"2FDA2237":{"x":1,"y":1,"w":32,"h":32},
		"7301EF67":{"x":35,"y":1,"w":32,"h":32},
		"FF97DEB1":{"x":69,"y":1,"w":32,"h":32},
		"1F7D3A3C":{"x":1,"y":35,"w":32,"h":32},
		"69DC5EEB":{"x":35,"y":35,"w":32,"h":32},
		"BBE45294":{"x":69,"y":35,"w":32,"h":32},
		"2717C1D3":{"x":1,"y":69,"w":32,"h":32},
		"FED3C919":{"x":35,"y":69,"w":32,"h":32},
		"F044B08E":{"x":69,"y":69,"w":32,"h":32},
		"A7FDEAC4":{"x":1,"y":103,"w":32,"h":32},
		"4007AFF2":{"x":35,"y":103,"w":32,"h":32},
		"26ED9EEB":{"x":69,"y":103,"w":32,"h":32}
	}}