{"file":"puke.png","frames":{
"spade_a":{"x":361,"y":715,"w":70,"h":100,"offX":0,"offY":0,"sourceW":70,"sourceH":100},
"spade_2":{"x":289,"y":715,"w":70,"h":100,"offX":0,"offY":0,"sourceW":70,"sourceH":100},
"spade_3":{"x":217,"y":715,"w":70,"h":100,"offX":0,"offY":0,"sourceW":70,"sourceH":100},
"spade_4":{"x":145,"y":715,"w":70,"h":100,"offX":0,"offY":0,"sourceW":70,"sourceH":100},
"spade_5":{"x":73,"y":715,"w":70,"h":100,"offX":0,"offY":0,"sourceW":70,"sourceH":100},
"spade_6":{"x":1,"y":715,"w":70,"h":100,"offX":0,"offY":0,"sourceW":70,"sourceH":100},
"spade_7":{"x":433,"y":613,"w":70,"h":100,"offX":0,"offY":0,"sourceW":70,"sourceH":100},
"spade_8":{"x":361,"y":613,"w":70,"h":100,"offX":0,"offY":0,"sourceW":70,"sourceH":100},
"spade_9":{"x":289,"y":613,"w":70,"h":100,"offX":0,"offY":0,"sourceW":70,"sourceH":100},
"spade_10":{"x":217,"y":613,"w":70,"h":100,"offX":0,"offY":0,"sourceW":70,"sourceH":100},
"spade_j":{"x":145,"y":613,"w":70,"h":100,"offX":0,"offY":0,"sourceW":70,"sourceH":100},
"spade_q":{"x":73,"y":613,"w":70,"h":100,"offX":0,"offY":0,"sourceW":70,"sourceH":100},
"spade_k":{"x":1,"y":613,"w":70,"h":100,"offX":0,"offY":0,"sourceW":70,"sourceH":100},
"heart_k":{"x":433,"y":511,"w":70,"h":100,"offX":0,"offY":0,"sourceW":70,"sourceH":100},
"heart_q":{"x":361,"y":511,"w":70,"h":100,"offX":0,"offY":0,"sourceW":70,"sourceH":100},
"heart_j":{"x":289,"y":511,"w":70,"h":100,"offX":0,"offY":0,"sourceW":70,"sourceH":100},
"heart_10":{"x":217,"y":511,"w":70,"h":100,"offX":0,"offY":0,"sourceW":70,"sourceH":100},
"heart_9":{"x":145,"y":511,"w":70,"h":100,"offX":0,"offY":0,"sourceW":70,"sourceH":100},
"heart_8":{"x":73,"y":511,"w":70,"h":100,"offX":0,"offY":0,"sourceW":70,"sourceH":100},
"heart_7":{"x":1,"y":511,"w":70,"h":100,"offX":0,"offY":0,"sourceW":70,"sourceH":100},
"heart_6":{"x":433,"y":409,"w":70,"h":100,"offX":0,"offY":0,"sourceW":70,"sourceH":100},
"heart_5":{"x":361,"y":409,"w":70,"h":100,"offX":0,"offY":0,"sourceW":70,"sourceH":100},
"heart_4":{"x":289,"y":409,"w":70,"h":100,"offX":0,"offY":0,"sourceW":70,"sourceH":100},
"heart_3":{"x":217,"y":409,"w":70,"h":100,"offX":0,"offY":0,"sourceW":70,"sourceH":100},
"heart_2":{"x":145,"y":409,"w":70,"h":100,"offX":0,"offY":0,"sourceW":70,"sourceH":100},
"heart_a":{"x":73,"y":409,"w":70,"h":100,"offX":0,"offY":0,"sourceW":70,"sourceH":100},
"club_k":{"x":1,"y":409,"w":70,"h":100,"offX":0,"offY":0,"sourceW":70,"sourceH":100},
"club_q":{"x":433,"y":307,"w":70,"h":100,"offX":0,"offY":0,"sourceW":70,"sourceH":100},
"club_j":{"x":361,"y":307,"w":70,"h":100,"offX":0,"offY":0,"sourceW":70,"sourceH":100},
"club_10":{"x":289,"y":307,"w":70,"h":100,"offX":0,"offY":0,"sourceW":70,"sourceH":100},
"club_9":{"x":217,"y":307,"w":70,"h":100,"offX":0,"offY":0,"sourceW":70,"sourceH":100},
"club_8":{"x":145,"y":307,"w":70,"h":100,"offX":0,"offY":0,"sourceW":70,"sourceH":100},
"club_7":{"x":73,"y":307,"w":70,"h":100,"offX":0,"offY":0,"sourceW":70,"sourceH":100},
"club_6":{"x":1,"y":307,"w":70,"h":100,"offX":0,"offY":0,"sourceW":70,"sourceH":100},
"club_5":{"x":433,"y":205,"w":70,"h":100,"offX":0,"offY":0,"sourceW":70,"sourceH":100},
"club_4":{"x":361,"y":205,"w":70,"h":100,"offX":0,"offY":0,"sourceW":70,"sourceH":100},
"club_3":{"x":289,"y":205,"w":70,"h":100,"offX":0,"offY":0,"sourceW":70,"sourceH":100},
"club_2":{"x":217,"y":205,"w":70,"h":100,"offX":0,"offY":0,"sourceW":70,"sourceH":100},
"club_a":{"x":145,"y":205,"w":70,"h":100,"offX":0,"offY":0,"sourceW":70,"sourceH":100},
"diamond_a":{"x":73,"y":205,"w":70,"h":100,"offX":0,"offY":0,"sourceW":70,"sourceH":100},
"diamond_2":{"x":1,"y":205,"w":70,"h":100,"offX":0,"offY":0,"sourceW":70,"sourceH":100},
"diamond_3":{"x":433,"y":103,"w":70,"h":100,"offX":0,"offY":0,"sourceW":70,"sourceH":100},
"diamond_4":{"x":361,"y":103,"w":70,"h":100,"offX":0,"offY":0,"sourceW":70,"sourceH":100},
"diamond_5":{"x":289,"y":103,"w":70,"h":100,"offX":0,"offY":0,"sourceW":70,"sourceH":100},
"diamond_6":{"x":217,"y":103,"w":70,"h":100,"offX":0,"offY":0,"sourceW":70,"sourceH":100},
"diamond_7":{"x":145,"y":103,"w":70,"h":100,"offX":0,"offY":0,"sourceW":70,"sourceH":100},
"diamond_8":{"x":73,"y":103,"w":70,"h":100,"offX":0,"offY":0,"sourceW":70,"sourceH":100},
"diamond_9":{"x":1,"y":103,"w":70,"h":100,"offX":0,"offY":0,"sourceW":70,"sourceH":100},
"diamond_10":{"x":433,"y":1,"w":70,"h":100,"offX":0,"offY":0,"sourceW":70,"sourceH":100},
"diamond_j":{"x":361,"y":1,"w":70,"h":100,"offX":0,"offY":0,"sourceW":70,"sourceH":100},
"diamond_q":{"x":289,"y":1,"w":70,"h":100,"offX":0,"offY":0,"sourceW":70,"sourceH":100},
"diamond_k":{"x":217,"y":1,"w":70,"h":100,"offX":0,"offY":0,"sourceW":70,"sourceH":100},
"black_joker":{"x":145,"y":1,"w":70,"h":100,"offX":0,"offY":0,"sourceW":70,"sourceH":100},
"red_joker":{"x":73,"y":1,"w":70,"h":100,"offX":0,"offY":0,"sourceW":70,"sourceH":100},
"puke_bg":{"x":1,"y":1,"w":70,"h":100,"offX":0,"offY":0,"sourceW":70,"sourceH":100}}}