{"file":"wlPng.png","frames":{
"button_down":{"x":149,"y":83,"w":16,"h":16,"offX":0,"offY":0,"sourceW":16,"sourceH":16},
"button_up":{"x":131,"y":83,"w":16,"h":16,"offX":0,"offY":0,"sourceW":16,"sourceH":16},
"button_index1":{"x":1,"y":1,"w":128,"h":128,"offX":0,"offY":0,"sourceW":128,"sourceH":128},
"checkbox_select_disabled":{"x":223,"y":51,"w":23,"h":23,"offX":0,"offY":0,"sourceW":23,"sourceH":23},
"checkbox_select_down":{"x":198,"y":28,"w":23,"h":23,"offX":0,"offY":0,"sourceW":23,"sourceH":23},
"checkbox_select_up":{"x":225,"y":26,"w":23,"h":23,"offX":0,"offY":0,"sourceW":23,"sourceH":23},
"checkbox_unselect":{"x":225,"y":1,"w":23,"h":23,"offX":0,"offY":0,"sourceW":23,"sourceH":23},
"selected":{"x":179,"y":59,"w":16,"h":16,"offX":0,"offY":0,"sourceW":16,"sourceH":16},
"border":{"x":1,"y":131,"w":177,"h":47,"offX":0,"offY":0,"sourceW":177,"sourceH":47},
"header":{"x":203,"y":78,"w":16,"h":16,"offX":0,"offY":0,"sourceW":16,"sourceH":16},
"thumb_pb":{"x":248,"y":59,"w":6,"h":6,"offX":0,"offY":0,"sourceW":6,"sourceH":6},
"track_pb":{"x":248,"y":51,"w":6,"h":6,"offX":0,"offY":0,"sourceW":6,"sourceH":6},
"radiobutton_select_disabled":{"x":155,"y":59,"w":22,"h":22,"offX":0,"offY":0,"sourceW":22,"sourceH":22},
"radiobutton_select_down":{"x":131,"y":59,"w":22,"h":22,"offX":0,"offY":0,"sourceW":22,"sourceH":22},
"radiobutton_select_up":{"x":179,"y":78,"w":22,"h":22,"offX":0,"offY":0,"sourceW":22,"sourceH":22},
"radiobutton_unselect":{"x":223,"y":76,"w":22,"h":22,"offX":0,"offY":0,"sourceW":22,"sourceH":22},
"roundthumb":{"x":247,"y":83,"w":6,"h":6,"offX":0,"offY":0,"sourceW":6,"sourceH":6},
"track_sb":{"x":167,"y":83,"w":6,"h":6,"offX":0,"offY":0,"sourceW":6,"sourceH":6},
"thumb":{"x":198,"y":1,"w":25,"h":25,"offX":0,"offY":0,"sourceW":25,"sourceH":25},
"track":{"x":248,"y":67,"w":6,"h":6,"offX":0,"offY":0,"sourceW":6,"sourceH":6},
"tracklight":{"x":248,"y":75,"w":6,"h":6,"offX":0,"offY":0,"sourceW":6,"sourceH":6},
"handle":{"x":198,"y":53,"w":23,"h":23,"offX":0,"offY":0,"sourceW":23,"sourceH":23},
"off":{"x":131,"y":30,"w":65,"h":27,"offX":0,"offY":0,"sourceW":65,"sourceH":27},
"on":{"x":131,"y":1,"w":65,"h":27,"offX":0,"offY":0,"sourceW":65,"sourceH":27}}}