{"file":"icons.png","frames":{
"enterRoom":{"x":395,"y":1,"w":250,"h":114,"offX":0,"offY":0,"sourceW":250,"sourceH":114},
"myRoom":{"x":647,"y":1,"w":250,"h":109,"offX":0,"offY":0,"sourceW":250,"sourceH":109},
"quickEnter":{"x":647,"y":112,"w":250,"h":101,"offX":0,"offY":0,"sourceW":250,"sourceH":101},
"setRoom":{"x":1,"y":1,"w":200,"h":181,"offX":0,"offY":0,"sourceW":200,"sourceH":181},
"avatar":{"x":203,"y":1,"w":190,"h":190,"offX":0,"offY":0,"sourceW":190,"sourceH":190},
"awardCup":{"x":552,"y":117,"w":92,"h":91,"offX":2,"offY":3,"sourceW":96,"sourceH":96},
"bomb":{"x":1,"y":184,"w":145,"h":156,"offX":7,"offY":2,"sourceW":160,"sourceH":160},
"clock":{"x":395,"y":117,"w":155,"h":152,"offX":2,"offY":6,"sourceW":160,"sourceH":160},
"diamond":{"x":68,"y":342,"w":24,"h":20,"offX":0,"offY":2,"sourceW":24,"sourceH":24},
"first":{"x":292,"y":271,"w":114,"h":108,"offX":0,"offY":0,"sourceW":114,"sourceH":108},
"message":{"x":524,"y":333,"w":96,"h":80,"offX":0,"offY":8,"sourceW":96,"sourceH":96},
"setUp":{"x":899,"y":111,"w":96,"h":96,"offX":0,"offY":0,"sourceW":96,"sourceH":96},
"share":{"x":854,"y":215,"w":150,"h":130,"offX":0,"offY":9,"sourceW":150,"sourceH":150},
"sitDown":{"x":703,"y":284,"w":104,"h":79,"offX":1,"offY":9,"sourceW":106,"sourceH":96},
"spring":{"x":148,"y":193,"w":142,"h":152,"offX":4,"offY":4,"sourceW":150,"sourceH":160},
"third":{"x":899,"y":1,"w":114,"h":108,"offX":0,"offY":0,"sourceW":114,"sourceH":108},
"victory":{"x":552,"y":215,"w":300,"h":67,"offX":0,"offY":0,"sourceW":300,"sourceH":67},
"border":{"x":524,"y":284,"w":177,"h":47,"offX":0,"offY":0,"sourceW":177,"sourceH":47},
"button_down":{"x":1006,"y":231,"w":16,"h":16,"offX":0,"offY":0,"sourceW":16,"sourceH":16},
"button_up":{"x":1006,"y":213,"w":16,"h":16,"offX":0,"offY":0,"sourceW":16,"sourceH":16},
"checkbox_select_disabled":{"x":997,"y":188,"w":23,"h":23,"offX":0,"offY":0,"sourceW":23,"sourceH":23},
"checkbox_select_down":{"x":997,"y":163,"w":23,"h":23,"offX":0,"offY":0,"sourceW":23,"sourceH":23},
"checkbox_select_up":{"x":997,"y":138,"w":23,"h":23,"offX":0,"offY":0,"sourceW":23,"sourceH":23},
"checkbox_unselect":{"x":364,"y":218,"w":23,"h":23,"offX":0,"offY":0,"sourceW":23,"sourceH":23},
"goBack":{"x":292,"y":193,"w":70,"h":75,"offX":3,"offY":0,"sourceW":76,"sourceH":76},
"handle":{"x":364,"y":193,"w":23,"h":23,"offX":0,"offY":0,"sourceW":23,"sourceH":23},
"header":{"x":1006,"y":267,"w":16,"h":16,"offX":0,"offY":0,"sourceW":16,"sourceH":16},
"off":{"x":1,"y":342,"w":65,"h":27,"offX":0,"offY":0,"sourceW":65,"sourceH":27},
"on":{"x":622,"y":333,"w":65,"h":27,"offX":0,"offY":0,"sourceW":65,"sourceH":27},
"radiobutton_select_disabled":{"x":809,"y":308,"w":22,"h":22,"offX":0,"offY":0,"sourceW":22,"sourceH":22},
"radiobutton_select_down":{"x":809,"y":284,"w":22,"h":22,"offX":0,"offY":0,"sourceW":22,"sourceH":22},
"radiobutton_select_up":{"x":364,"y":243,"w":22,"h":22,"offX":0,"offY":0,"sourceW":22,"sourceH":22},
"radiobutton_unselect":{"x":809,"y":332,"w":22,"h":22,"offX":0,"offY":0,"sourceW":22,"sourceH":22},
"roundthumb":{"x":1015,"y":9,"w":6,"h":6,"offX":0,"offY":0,"sourceW":6,"sourceH":6},
"selected":{"x":1006,"y":249,"w":16,"h":16,"offX":0,"offY":0,"sourceW":16,"sourceH":16},
"thumb_pb":{"x":1015,"y":33,"w":6,"h":6,"offX":0,"offY":0,"sourceW":6,"sourceH":6},
"thumb":{"x":997,"y":111,"w":25,"h":25,"offX":0,"offY":0,"sourceW":25,"sourceH":25},
"track_pb":{"x":1015,"y":17,"w":6,"h":6,"offX":0,"offY":0,"sourceW":6,"sourceH":6},
"track_sb":{"x":1015,"y":1,"w":6,"h":6,"offX":0,"offY":0,"sourceW":6,"sourceH":6},
"track":{"x":1015,"y":25,"w":6,"h":6,"offX":0,"offY":0,"sourceW":6,"sourceH":6},
"second":{"x":408,"y":271,"w":114,"h":108,"offX":0,"offY":0,"sourceW":114,"sourceH":108}}}