{
	"groups": [
		{
			"name": "preload",
			"keys": "description_json,gameEui_json,bgIndex_jpg,bgDesk_jpg,icons_json"
		}
	],
	"resources": [
		{
			"name": "description_json",
			"type": "json",
			"url": "config/description.json"
		},
		{
			"name": "gameEui_json",
			"type": "json",
			"url": "gameEui.json"
		},
		{
			"name": "bgIndex_jpg",
			"type": "image",
			"url": "assets/bgIndex.jpg"
		},
		{
			"name": "bgDesk_jpg",
			"type": "image",
			"url": "assets/bgDesk.jpg"
		},
		{
			"name": "icons_json",
			"type": "sheet",
			"url": "assets/icons.json",
			"subkeys": "enterRoom,myRoom,quickEnter,setRoom,avatar,awardCup,bomb,clock,diamond,first,message,setUp,share,sitDown,spring,third,victory,border,button_down,button_up,checkbox_select_disabled,checkbox_select_down,checkbox_select_up,checkbox_unselect,goBack,handle,header,off,on,radiobutton_select_disabled,radiobutton_select_down,radiobutton_select_up,radiobutton_unselect,roundthumb,selected,thumb_pb,thumb,track_pb,track_sb,track,second"
		}
	]
}